_id,Calendar,WeekStarting,GreenBin,Garbage,Recycling,YardWaste
1,MondayNight,2022-01-03T00:00:00,M,M,0,0
2,MondayNight,2022-01-10T00:00:00,M,0,M,0
3,MondayNight,2022-01-17T00:00:00,M,M,0,0
4,MondayNight,2022-01-24T00:00:00,M,0,M,0
5,MondayNight,2022-01-31T00:00:00,M,M,0,0
6,MondayNight,2022-02-07T00:00:00,M,0,M,0
7,MondayNight,2022-02-14T00:00:00,M,M,0,0
8,MondayNight,2022-02-21T00:00:00,M,0,M,0
9,MondayNight,2022-02-28T00:00:00,M,M,0,0
10,MondayNight,2022-03-07T00:00:00,M,0,M,0
11,MondayNight,2022-03-14T00:00:00,M,M,0,M
12,MondayNight,2022-03-21T00:00:00,M,0,M,0
13,MondayNight,2022-03-28T00:00:00,M,M,0,M
14,MondayNight,2022-04-04T00:00:00,M,0,M,0
15,MondayNight,2022-04-11T00:00:00,M,M,0,M
16,MondayNight,2022-04-18T00:00:00,M,0,M,0
17,MondayNight,2022-04-25T00:00:00,M,M,0,M
18,MondayNight,2022-05-02T00:00:00,M,0,M,0
19,MondayNight,2022-05-09T00:00:00,M,M,0,M
20,MondayNight,2022-05-16T00:00:00,M,0,M,0
21,MondayNight,2022-05-23T00:00:00,M,M,0,M
22,MondayNight,2022-05-30T00:00:00,M,0,M,0
23,MondayNight,2022-06-06T00:00:00,M,M,0,M
24,MondayNight,2022-06-13T00:00:00,M,0,M,0
25,MondayNight,2022-06-20T00:00:00,M,M,0,M
26,MondayNight,2022-06-27T00:00:00,M,0,M,0
27,MondayNight,2022-07-04T00:00:00,M,M,0,M
28,MondayNight,2022-07-11T00:00:00,M,0,M,0
29,MondayNight,2022-07-18T00:00:00,M,M,0,M
30,MondayNight,2022-07-25T00:00:00,M,0,M,0
31,MondayNight,2022-08-01T00:00:00,M,M,0,M
32,MondayNight,2022-08-08T00:00:00,M,0,M,0
33,MondayNight,2022-08-15T00:00:00,M,M,0,M
34,MondayNight,2022-08-22T00:00:00,M,0,M,0
35,MondayNight,2022-08-29T00:00:00,M,M,0,M
36,MondayNight,2022-09-05T00:00:00,M,0,M,0
37,MondayNight,2022-09-12T00:00:00,M,M,0,M
38,MondayNight,2022-09-19T00:00:00,M,0,M,0
39,MondayNight,2022-09-26T00:00:00,M,M,0,M
40,MondayNight,2022-10-03T00:00:00,M,0,M,0
41,MondayNight,2022-10-10T00:00:00,M,M,0,M
42,MondayNight,2022-10-17T00:00:00,M,0,M,0
43,MondayNight,2022-10-24T00:00:00,M,M,0,M
44,MondayNight,2022-10-31T00:00:00,M,0,M,0
45,MondayNight,2022-11-07T00:00:00,M,M,0,M
46,MondayNight,2022-11-14T00:00:00,M,0,M,0
47,MondayNight,2022-11-21T00:00:00,M,M,0,M
48,MondayNight,2022-11-28T00:00:00,M,0,M,0
49,MondayNight,2022-12-05T00:00:00,M,M,0,M
50,MondayNight,2022-12-12T00:00:00,M,0,M,0
51,MondayNight,2022-12-19T00:00:00,M,M,0,0
52,MondayNight,2022-12-26T00:00:00,M,0,M,0
53,Tuesday1,2022-01-04T00:00:00,T,T,0,0
54,Tuesday1,2022-01-11T00:00:00,T,0,T,0
55,Tuesday1,2022-01-18T00:00:00,T,T,0,0
56,Tuesday1,2022-01-25T00:00:00,T,0,T,0
57,Tuesday1,2022-02-01T00:00:00,T,T,0,0
58,Tuesday1,2022-02-08T00:00:00,T,0,T,0
59,Tuesday1,2022-02-15T00:00:00,T,T,0,0
60,Tuesday1,2022-02-22T00:00:00,T,0,T,0
61,Tuesday1,2022-03-01T00:00:00,T,T,0,0
62,Tuesday1,2022-03-08T00:00:00,T,0,T,0
63,Tuesday1,2022-03-15T00:00:00,T,T,0,T
64,Tuesday1,2022-03-22T00:00:00,T,0,T,0
65,Tuesday1,2022-03-29T00:00:00,T,T,0,T
66,Tuesday1,2022-04-05T00:00:00,T,0,T,0
67,Tuesday1,2022-04-12T00:00:00,T,T,0,T
68,Tuesday1,2022-04-19T00:00:00,T,0,T,0
69,Tuesday1,2022-04-26T00:00:00,T,T,0,T
70,Tuesday1,2022-05-03T00:00:00,T,0,T,0
71,Tuesday1,2022-05-10T00:00:00,T,T,0,T
72,Tuesday1,2022-05-17T00:00:00,T,0,T,0
73,Tuesday1,2022-05-24T00:00:00,T,T,0,T
74,Tuesday1,2022-05-31T00:00:00,T,0,T,0
75,Tuesday1,2022-06-07T00:00:00,T,T,0,T
76,Tuesday1,2022-06-14T00:00:00,T,0,T,0
77,Tuesday1,2022-06-21T00:00:00,T,T,0,T
78,Tuesday1,2022-06-28T00:00:00,T,0,T,0
79,Tuesday1,2022-07-05T00:00:00,T,T,0,T
80,Tuesday1,2022-07-12T00:00:00,T,0,T,0
81,Tuesday1,2022-07-19T00:00:00,T,T,0,T
82,Tuesday1,2022-07-26T00:00:00,T,0,T,0
83,Tuesday1,2022-08-02T00:00:00,T,T,0,T
84,Tuesday1,2022-08-09T00:00:00,T,0,T,0
85,Tuesday1,2022-08-16T00:00:00,T,T,0,T
86,Tuesday1,2022-08-23T00:00:00,T,0,T,0
87,Tuesday1,2022-08-30T00:00:00,T,T,0,T
88,Tuesday1,2022-09-06T00:00:00,T,0,T,0
89,Tuesday1,2022-09-13T00:00:00,T,T,0,T
90,Tuesday1,2022-09-20T00:00:00,T,0,T,0
91,Tuesday1,2022-09-27T00:00:00,T,T,0,T
92,Tuesday1,2022-10-04T00:00:00,T,0,T,0
93,Tuesday1,2022-10-11T00:00:00,T,T,0,T
94,Tuesday1,2022-10-18T00:00:00,T,0,T,0
95,Tuesday1,2022-10-25T00:00:00,T,T,0,T
96,Tuesday1,2022-11-01T00:00:00,T,0,T,0
97,Tuesday1,2022-11-08T00:00:00,T,T,0,T
98,Tuesday1,2022-11-15T00:00:00,T,0,T,0
99,Tuesday1,2022-11-22T00:00:00,T,T,0,T
100,Tuesday1,2022-11-29T00:00:00,T,0,T,0
101,Tuesday1,2022-12-06T00:00:00,T,T,0,T
102,Tuesday1,2022-12-13T00:00:00,T,0,T,0
103,Tuesday1,2022-12-20T00:00:00,T,T,0,0
104,Tuesday1,2022-12-27T00:00:00,T,0,T,0
105,Tuesday2,2022-01-04T00:00:00,T,0,T,0
106,Tuesday2,2022-01-11T00:00:00,T,T,0,0
107,Tuesday2,2022-01-18T00:00:00,T,0,T,0
108,Tuesday2,2022-01-25T00:00:00,T,T,0,0
109,Tuesday2,2022-02-01T00:00:00,T,0,T,0
110,Tuesday2,2022-02-08T00:00:00,T,T,0,0
111,Tuesday2,2022-02-15T00:00:00,T,0,T,0
112,Tuesday2,2022-02-22T00:00:00,T,T,0,0
113,Tuesday2,2022-03-01T00:00:00,T,0,T,0
114,Tuesday2,2022-03-08T00:00:00,T,T,0,0
115,Tuesday2,2022-03-15T00:00:00,T,0,T,0
116,Tuesday2,2022-03-22T00:00:00,T,T,0,T
117,Tuesday2,2022-03-29T00:00:00,T,0,T,0
118,Tuesday2,2022-04-05T00:00:00,T,T,0,T
119,Tuesday2,2022-04-12T00:00:00,T,0,T,0
120,Tuesday2,2022-04-19T00:00:00,T,T,0,T
121,Tuesday2,2022-04-26T00:00:00,T,0,T,0
122,Tuesday2,2022-05-03T00:00:00,T,T,0,T
123,Tuesday2,2022-05-10T00:00:00,T,0,T,0
124,Tuesday2,2022-05-17T00:00:00,T,T,0,T
125,Tuesday2,2022-05-24T00:00:00,T,0,T,0
126,Tuesday2,2022-05-31T00:00:00,T,T,0,T
127,Tuesday2,2022-06-07T00:00:00,T,0,T,0
128,Tuesday2,2022-06-14T00:00:00,T,T,0,T
129,Tuesday2,2022-06-21T00:00:00,T,0,T,0
130,Tuesday2,2022-06-28T00:00:00,T,T,0,T
131,Tuesday2,2022-07-05T00:00:00,T,0,T,0
132,Tuesday2,2022-07-12T00:00:00,T,T,0,T
133,Tuesday2,2022-07-19T00:00:00,T,0,T,0
134,Tuesday2,2022-07-26T00:00:00,T,T,0,T
135,Tuesday2,2022-08-02T00:00:00,T,0,T,0
136,Tuesday2,2022-08-09T00:00:00,T,T,0,T
137,Tuesday2,2022-08-16T00:00:00,T,0,T,0
138,Tuesday2,2022-08-23T00:00:00,T,T,0,T
139,Tuesday2,2022-08-30T00:00:00,T,0,T,0
140,Tuesday2,2022-09-06T00:00:00,T,T,0,T
141,Tuesday2,2022-09-13T00:00:00,T,0,T,0
142,Tuesday2,2022-09-20T00:00:00,T,T,0,T
143,Tuesday2,2022-09-27T00:00:00,T,0,T,0
144,Tuesday2,2022-10-04T00:00:00,T,T,0,T
145,Tuesday2,2022-10-11T00:00:00,T,0,T,0
146,Tuesday2,2022-10-18T00:00:00,T,T,0,T
147,Tuesday2,2022-10-25T00:00:00,T,0,T,0
148,Tuesday2,2022-11-01T00:00:00,T,T,0,T
149,Tuesday2,2022-11-08T00:00:00,T,0,T,0
150,Tuesday2,2022-11-15T00:00:00,T,T,0,T
151,Tuesday2,2022-11-22T00:00:00,T,0,T,0
152,Tuesday2,2022-11-29T00:00:00,T,T,0,T
153,Tuesday2,2022-12-06T00:00:00,T,0,T,0
154,Tuesday2,2022-12-13T00:00:00,T,T,0,T
155,Tuesday2,2022-12-20T00:00:00,T,0,T,0
156,Tuesday2,2022-12-27T00:00:00,T,T,0,0
157,Wednesday1,2022-01-05T00:00:00,W,W,0,0
158,Wednesday1,2022-01-12T00:00:00,W,0,W,0
159,Wednesday1,2022-01-19T00:00:00,W,W,0,0
160,Wednesday1,2022-01-26T00:00:00,W,0,W,0
161,Wednesday1,2022-02-02T00:00:00,W,W,0,0
162,Wednesday1,2022-02-09T00:00:00,W,0,W,0
163,Wednesday1,2022-02-16T00:00:00,W,W,0,0
164,Wednesday1,2022-02-23T00:00:00,W,0,W,0
165,Wednesday1,2022-03-02T00:00:00,W,W,0,0
166,Wednesday1,2022-03-09T00:00:00,W,0,W,0
167,Wednesday1,2022-03-16T00:00:00,W,W,0,W
168,Wednesday1,2022-03-23T00:00:00,W,0,W,0
169,Wednesday1,2022-03-30T00:00:00,W,W,0,W
170,Wednesday1,2022-04-06T00:00:00,W,0,W,0
171,Wednesday1,2022-04-13T00:00:00,W,W,0,W
172,Wednesday1,2022-04-20T00:00:00,W,0,W,0
173,Wednesday1,2022-04-27T00:00:00,W,W,0,W
174,Wednesday1,2022-05-04T00:00:00,W,0,W,0
175,Wednesday1,2022-05-11T00:00:00,W,W,0,W
176,Wednesday1,2022-05-18T00:00:00,W,0,W,0
177,Wednesday1,2022-05-25T00:00:00,W,W,0,W
178,Wednesday1,2022-06-01T00:00:00,W,0,W,0
179,Wednesday1,2022-06-08T00:00:00,W,W,0,W
180,Wednesday1,2022-06-15T00:00:00,W,0,W,0
181,Wednesday1,2022-06-22T00:00:00,W,W,0,W
182,Wednesday1,2022-06-29T00:00:00,W,0,W,0
183,Wednesday1,2022-07-06T00:00:00,W,W,0,W
184,Wednesday1,2022-07-13T00:00:00,W,0,W,0
185,Wednesday1,2022-07-20T00:00:00,W,W,0,W
186,Wednesday1,2022-07-27T00:00:00,W,0,W,0
187,Wednesday1,2022-08-03T00:00:00,W,W,0,W
188,Wednesday1,2022-08-10T00:00:00,W,0,W,0
189,Wednesday1,2022-08-17T00:00:00,W,W,0,W
190,Wednesday1,2022-08-24T00:00:00,W,0,W,0
191,Wednesday1,2022-08-31T00:00:00,W,W,0,W
192,Wednesday1,2022-09-07T00:00:00,W,0,W,0
193,Wednesday1,2022-09-14T00:00:00,W,W,0,W
194,Wednesday1,2022-09-21T00:00:00,W,0,W,0
195,Wednesday1,2022-09-28T00:00:00,W,W,0,W
196,Wednesday1,2022-10-05T00:00:00,W,0,W,0
197,Wednesday1,2022-10-12T00:00:00,W,W,0,W
198,Wednesday1,2022-10-19T00:00:00,W,0,W,0
199,Wednesday1,2022-10-26T00:00:00,W,W,0,W
200,Wednesday1,2022-11-02T00:00:00,W,0,W,0
201,Wednesday1,2022-11-09T00:00:00,W,W,0,W
202,Wednesday1,2022-11-16T00:00:00,W,0,W,0
203,Wednesday1,2022-11-23T00:00:00,W,W,0,W
204,Wednesday1,2022-11-30T00:00:00,W,0,W,0
205,Wednesday1,2022-12-07T00:00:00,W,W,0,W
206,Wednesday1,2022-12-14T00:00:00,W,0,W,0
207,Wednesday1,2022-12-21T00:00:00,W,W,0,0
208,Wednesday1,2022-12-28T00:00:00,W,0,W,0
209,Wednesday2,2022-01-05T00:00:00,W,0,W,0
210,Wednesday2,2022-01-12T00:00:00,W,W,0,0
211,Wednesday2,2022-01-19T00:00:00,W,0,W,0
212,Wednesday2,2022-01-26T00:00:00,W,W,0,0
213,Wednesday2,2022-02-02T00:00:00,W,0,W,0
214,Wednesday2,2022-02-09T00:00:00,W,W,0,0
215,Wednesday2,2022-02-16T00:00:00,W,0,W,0
216,Wednesday2,2022-02-23T00:00:00,W,W,0,0
217,Wednesday2,2022-03-02T00:00:00,W,0,W,0
218,Wednesday2,2022-03-09T00:00:00,W,W,0,0
219,Wednesday2,2022-03-16T00:00:00,W,0,W,0
220,Wednesday2,2022-03-23T00:00:00,W,W,0,W
221,Wednesday2,2022-03-30T00:00:00,W,0,W,0
222,Wednesday2,2022-04-06T00:00:00,W,W,0,W
223,Wednesday2,2022-04-13T00:00:00,W,0,W,0
224,Wednesday2,2022-04-20T00:00:00,W,W,0,W
225,Wednesday2,2022-04-27T00:00:00,W,0,W,0
226,Wednesday2,2022-05-04T00:00:00,W,W,0,W
227,Wednesday2,2022-05-11T00:00:00,W,0,W,0
228,Wednesday2,2022-05-18T00:00:00,W,W,0,W
229,Wednesday2,2022-05-25T00:00:00,W,0,W,0
230,Wednesday2,2022-06-01T00:00:00,W,W,0,W
231,Wednesday2,2022-06-08T00:00:00,W,0,W,0
232,Wednesday2,2022-06-15T00:00:00,W,W,0,W
233,Wednesday2,2022-06-22T00:00:00,W,0,W,0
234,Wednesday2,2022-06-29T00:00:00,W,W,0,W
235,Wednesday2,2022-07-06T00:00:00,W,0,W,0
236,Wednesday2,2022-07-13T00:00:00,W,W,0,W
237,Wednesday2,2022-07-20T00:00:00,W,0,W,0
238,Wednesday2,2022-07-27T00:00:00,W,W,0,W
239,Wednesday2,2022-08-03T00:00:00,W,0,W,0
240,Wednesday2,2022-08-10T00:00:00,W,W,0,W
241,Wednesday2,2022-08-17T00:00:00,W,0,W,0
242,Wednesday2,2022-08-24T00:00:00,W,W,0,W
243,Wednesday2,2022-08-31T00:00:00,W,0,W,0
244,Wednesday2,2022-09-07T00:00:00,W,W,0,W
245,Wednesday2,2022-09-14T00:00:00,W,0,W,0
246,Wednesday2,2022-09-21T00:00:00,W,W,0,W
247,Wednesday2,2022-09-28T00:00:00,W,0,W,0
248,Wednesday2,2022-10-05T00:00:00,W,W,0,W
249,Wednesday2,2022-10-12T00:00:00,W,0,W,0
250,Wednesday2,2022-10-19T00:00:00,W,W,0,W
251,Wednesday2,2022-10-26T00:00:00,W,0,W,0
252,Wednesday2,2022-11-02T00:00:00,W,W,0,W
253,Wednesday2,2022-11-09T00:00:00,W,0,W,0
254,Wednesday2,2022-11-16T00:00:00,W,W,0,W
255,Wednesday2,2022-11-23T00:00:00,W,0,W,0
256,Wednesday2,2022-11-30T00:00:00,W,W,0,W
257,Wednesday2,2022-12-07T00:00:00,W,0,W,0
258,Wednesday2,2022-12-14T00:00:00,W,W,0,W
259,Wednesday2,2022-12-21T00:00:00,W,0,W,0
260,Wednesday2,2022-12-28T00:00:00,W,W,0,0
261,Thursday1,2022-01-06T00:00:00,R,R,0,0
262,Thursday1,2022-01-13T00:00:00,R,0,R,0
263,Thursday1,2022-01-20T00:00:00,R,R,0,0
264,Thursday1,2022-01-27T00:00:00,R,0,R,0
265,Thursday1,2022-02-03T00:00:00,R,R,0,0
266,Thursday1,2022-02-10T00:00:00,R,0,R,0
267,Thursday1,2022-02-17T00:00:00,R,R,0,0
268,Thursday1,2022-02-24T00:00:00,R,0,R,0
269,Thursday1,2022-03-03T00:00:00,R,R,0,0
270,Thursday1,2022-03-10T00:00:00,R,0,R,0
271,Thursday1,2022-03-17T00:00:00,R,R,0,R
272,Thursday1,2022-03-24T00:00:00,R,0,R,0
273,Thursday1,2022-03-31T00:00:00,R,R,0,R
274,Thursday1,2022-04-07T00:00:00,R,0,R,0
275,Thursday1,2022-04-14T00:00:00,R,R,0,R
276,Thursday1,2022-04-21T00:00:00,R,0,R,0
277,Thursday1,2022-04-28T00:00:00,R,R,0,R
278,Thursday1,2022-05-05T00:00:00,R,0,R,0
279,Thursday1,2022-05-12T00:00:00,R,R,0,R
280,Thursday1,2022-05-19T00:00:00,R,0,R,0
281,Thursday1,2022-05-26T00:00:00,R,R,0,R
282,Thursday1,2022-06-02T00:00:00,R,0,R,0
283,Thursday1,2022-06-09T00:00:00,R,R,0,R
284,Thursday1,2022-06-16T00:00:00,R,0,R,0
285,Thursday1,2022-06-23T00:00:00,R,R,0,R
286,Thursday1,2022-06-30T00:00:00,R,0,R,0
287,Thursday1,2022-07-07T00:00:00,R,R,0,R
288,Thursday1,2022-07-14T00:00:00,R,0,R,0
289,Thursday1,2022-07-21T00:00:00,R,R,0,R
290,Thursday1,2022-07-28T00:00:00,R,0,R,0
291,Thursday1,2022-08-04T00:00:00,R,R,0,R
292,Thursday1,2022-08-11T00:00:00,R,0,R,0
293,Thursday1,2022-08-18T00:00:00,R,R,0,R
294,Thursday1,2022-08-25T00:00:00,R,0,R,0
295,Thursday1,2022-09-01T00:00:00,R,R,0,R
296,Thursday1,2022-09-08T00:00:00,R,0,R,0
297,Thursday1,2022-09-15T00:00:00,R,R,0,R
298,Thursday1,2022-09-22T00:00:00,R,0,R,0
299,Thursday1,2022-09-29T00:00:00,R,R,0,R
300,Thursday1,2022-10-06T00:00:00,R,0,R,0
301,Thursday1,2022-10-13T00:00:00,R,R,0,R
302,Thursday1,2022-10-20T00:00:00,R,0,R,0
303,Thursday1,2022-10-27T00:00:00,R,R,0,R
304,Thursday1,2022-11-03T00:00:00,R,0,R,0
305,Thursday1,2022-11-10T00:00:00,R,R,0,R
306,Thursday1,2022-11-17T00:00:00,R,0,R,0
307,Thursday1,2022-11-24T00:00:00,R,R,0,R
308,Thursday1,2022-12-01T00:00:00,R,0,R,0
309,Thursday1,2022-12-08T00:00:00,R,R,0,R
310,Thursday1,2022-12-15T00:00:00,R,0,R,0
311,Thursday1,2022-12-22T00:00:00,R,R,0,0
312,Thursday1,2022-12-29T00:00:00,R,0,R,0
313,Thursday2,2022-01-06T00:00:00,R,0,R,0
314,Thursday2,2022-01-13T00:00:00,R,R,0,0
315,Thursday2,2022-01-20T00:00:00,R,0,R,0
316,Thursday2,2022-01-27T00:00:00,R,R,0,0
317,Thursday2,2022-02-03T00:00:00,R,0,R,0
318,Thursday2,2022-02-10T00:00:00,R,R,0,0
319,Thursday2,2022-02-17T00:00:00,R,0,R,0
320,Thursday2,2022-02-24T00:00:00,R,R,0,0
321,Thursday2,2022-03-03T00:00:00,R,0,R,0
322,Thursday2,2022-03-10T00:00:00,R,R,0,0
323,Thursday2,2022-03-17T00:00:00,R,0,R,0
324,Thursday2,2022-03-24T00:00:00,R,R,0,R
325,Thursday2,2022-03-31T00:00:00,R,0,R,0
326,Thursday2,2022-04-07T00:00:00,R,R,0,R
327,Thursday2,2022-04-14T00:00:00,R,0,R,0
328,Thursday2,2022-04-21T00:00:00,R,R,0,R
329,Thursday2,2022-04-28T00:00:00,R,0,R,0
330,Thursday2,2022-05-05T00:00:00,R,R,0,R
331,Thursday2,2022-05-12T00:00:00,R,0,R,0
332,Thursday2,2022-05-19T00:00:00,R,R,0,R
333,Thursday2,2022-05-26T00:00:00,R,0,R,0
334,Thursday2,2022-06-02T00:00:00,R,R,0,R
335,Thursday2,2022-06-09T00:00:00,R,0,R,0
336,Thursday2,2022-06-16T00:00:00,R,R,0,R
337,Thursday2,2022-06-23T00:00:00,R,0,R,0
338,Thursday2,2022-06-30T00:00:00,R,R,0,R
339,Thursday2,2022-07-07T00:00:00,R,0,R,0
340,Thursday2,2022-07-14T00:00:00,R,R,0,R
341,Thursday2,2022-07-21T00:00:00,R,0,R,0
342,Thursday2,2022-07-28T00:00:00,R,R,0,R
343,Thursday2,2022-08-04T00:00:00,R,0,R,0
344,Thursday2,2022-08-11T00:00:00,R,R,0,R
345,Thursday2,2022-08-18T00:00:00,R,0,R,0
346,Thursday2,2022-08-25T00:00:00,R,R,0,R
347,Thursday2,2022-09-01T00:00:00,R,0,R,0
348,Thursday2,2022-09-08T00:00:00,R,R,0,R
349,Thursday2,2022-09-15T00:00:00,R,0,R,0
350,Thursday2,2022-09-22T00:00:00,R,R,0,R
351,Thursday2,2022-09-29T00:00:00,R,0,R,0
352,Thursday2,2022-10-06T00:00:00,R,R,0,R
353,Thursday2,2022-10-13T00:00:00,R,0,R,0
354,Thursday2,2022-10-20T00:00:00,R,R,0,R
355,Thursday2,2022-10-27T00:00:00,R,0,R,0
356,Thursday2,2022-11-03T00:00:00,R,R,0,R
357,Thursday2,2022-11-10T00:00:00,R,0,R,0
358,Thursday2,2022-11-17T00:00:00,R,R,0,R
359,Thursday2,2022-11-24T00:00:00,R,0,R,0
360,Thursday2,2022-12-01T00:00:00,R,R,0,R
361,Thursday2,2022-12-08T00:00:00,R,0,R,0
362,Thursday2,2022-12-15T00:00:00,R,R,0,R
363,Thursday2,2022-12-22T00:00:00,R,0,R,0
364,Thursday2,2022-12-29T00:00:00,R,R,0,0
365,Friday1,2022-01-07T00:00:00,F,F,0,0
366,Friday1,2022-01-14T00:00:00,F,0,S,0
367,Friday1,2022-01-21T00:00:00,F,F,0,0
368,Friday1,2022-01-28T00:00:00,F,0,F,0
369,Friday1,2022-02-04T00:00:00,F,F,0,0
370,Friday1,2022-02-11T00:00:00,F,0,F,0
371,Friday1,2022-02-18T00:00:00,F,F,0,0
372,Friday1,2022-02-25T00:00:00,F,0,F,0
373,Friday1,2022-03-04T00:00:00,F,F,0,0
374,Friday1,2022-03-11T00:00:00,F,0,F,0
375,Friday1,2022-03-18T00:00:00,F,F,0,F
376,Friday1,2022-03-25T00:00:00,F,0,F,0
377,Friday1,2022-04-01T00:00:00,F,F,0,F
378,Friday1,2022-04-08T00:00:00,F,0,F,0
379,Friday1,2022-04-15T00:00:00,F,F,0,F
380,Friday1,2022-04-22T00:00:00,F,0,F,0
381,Friday1,2022-04-29T00:00:00,F,F,0,F
382,Friday1,2022-05-06T00:00:00,F,0,F,0
383,Friday1,2022-05-13T00:00:00,F,F,0,F
384,Friday1,2022-05-20T00:00:00,F,0,F,0
385,Friday1,2022-05-27T00:00:00,F,F,0,F
386,Friday1,2022-06-03T00:00:00,F,0,F,0
387,Friday1,2022-06-10T00:00:00,F,F,0,F
388,Friday1,2022-06-17T00:00:00,F,0,F,0
389,Friday1,2022-06-24T00:00:00,F,F,0,F
390,Friday1,2022-07-01T00:00:00,F,0,F,0
391,Friday1,2022-07-08T00:00:00,F,F,0,F
392,Friday1,2022-07-15T00:00:00,F,0,F,0
393,Friday1,2022-07-22T00:00:00,F,F,0,F
394,Friday1,2022-07-29T00:00:00,F,0,F,0
395,Friday1,2022-08-05T00:00:00,F,F,0,F
396,Friday1,2022-08-12T00:00:00,F,0,F,0
397,Friday1,2022-08-19T00:00:00,F,F,0,F
398,Friday1,2022-08-26T00:00:00,F,0,F,0
399,Friday1,2022-09-02T00:00:00,F,F,0,F
400,Friday1,2022-09-09T00:00:00,F,0,F,0
401,Friday1,2022-09-16T00:00:00,F,F,0,F
402,Friday1,2022-09-23T00:00:00,F,0,F,0
403,Friday1,2022-09-30T00:00:00,F,F,0,F
404,Friday1,2022-10-07T00:00:00,F,0,F,0
405,Friday1,2022-10-14T00:00:00,F,F,0,F
406,Friday1,2022-10-21T00:00:00,F,0,F,0
407,Friday1,2022-10-28T00:00:00,F,F,0,F
408,Friday1,2022-11-04T00:00:00,F,0,F,0
409,Friday1,2022-11-11T00:00:00,F,F,0,F
410,Friday1,2022-11-18T00:00:00,F,0,F,0
411,Friday1,2022-11-25T00:00:00,F,F,0,F
412,Friday1,2022-12-02T00:00:00,F,0,F,0
413,Friday1,2022-12-09T00:00:00,F,F,0,F
414,Friday1,2022-12-16T00:00:00,F,0,F,0
415,Friday1,2022-12-23T00:00:00,F,F,0,0
416,Friday1,2022-12-30T00:00:00,F,0,F,0
417,Friday2,2022-01-07T00:00:00,F,0,F,0
418,Friday2,2022-01-14T00:00:00,F,F,0,0
419,Friday2,2022-01-21T00:00:00,F,0,F,0
420,Friday2,2022-01-28T00:00:00,F,F,0,0
421,Friday2,2022-02-04T00:00:00,F,0,F,0
422,Friday2,2022-02-11T00:00:00,F,F,0,0
423,Friday2,2022-02-18T00:00:00,F,0,F,0
424,Friday2,2022-02-25T00:00:00,F,F,0,0
425,Friday2,2022-03-04T00:00:00,F,0,F,0
426,Friday2,2022-03-11T00:00:00,F,F,0,0
427,Friday2,2022-03-18T00:00:00,F,0,F,0
428,Friday2,2022-03-25T00:00:00,F,F,0,F
429,Friday2,2022-04-01T00:00:00,F,0,F,0
430,Friday2,2022-04-08T00:00:00,F,F,0,F
431,Friday2,2022-04-15T00:00:00,F,0,F,0
432,Friday2,2022-04-22T00:00:00,F,F,0,F
433,Friday2,2022-04-29T00:00:00,F,0,F,0
434,Friday2,2022-05-06T00:00:00,F,F,0,F
435,Friday2,2022-05-13T00:00:00,F,0,F,0
436,Friday2,2022-05-20T00:00:00,F,F,0,F
437,Friday2,2022-05-27T00:00:00,F,0,F,0
438,Friday2,2022-06-03T00:00:00,F,F,0,F
439,Friday2,2022-06-10T00:00:00,F,0,F,0
440,Friday2,2022-06-17T00:00:00,F,F,0,F
441,Friday2,2022-06-24T00:00:00,F,0,F,0
442,Friday2,2022-07-01T00:00:00,F,F,0,F
443,Friday2,2022-07-08T00:00:00,F,0,F,0
444,Friday2,2022-07-15T00:00:00,F,F,0,F
445,Friday2,2022-07-22T00:00:00,F,0,F,0
446,Friday2,2022-07-29T00:00:00,F,F,0,F
447,Friday2,2022-08-05T00:00:00,F,0,F,0
448,Friday2,2022-08-12T00:00:00,F,F,0,F
449,Friday2,2022-08-19T00:00:00,F,0,F,0
450,Friday2,2022-08-26T00:00:00,F,F,0,F
451,Friday2,2022-09-02T00:00:00,F,0,F,0
452,Friday2,2022-09-09T00:00:00,F,F,0,F
453,Friday2,2022-09-16T00:00:00,F,0,F,0
454,Friday2,2022-09-23T00:00:00,F,F,0,F
455,Friday2,2022-09-30T00:00:00,F,0,F,0
456,Friday2,2022-10-07T00:00:00,F,F,0,F
457,Friday2,2022-10-14T00:00:00,F,0,F,0
458,Friday2,2022-10-21T00:00:00,F,F,0,F
459,Friday2,2022-10-28T00:00:00,F,0,F,0
460,Friday2,2022-11-04T00:00:00,F,F,0,F
461,Friday2,2022-11-11T00:00:00,F,0,F,0
462,Friday2,2022-11-18T00:00:00,F,F,0,F
463,Friday2,2022-11-25T00:00:00,F,0,F,0
464,Friday2,2022-12-02T00:00:00,F,F,0,F
465,Friday2,2022-12-09T00:00:00,F,0,F,0
466,Friday2,2022-12-16T00:00:00,F,F,0,F
467,Friday2,2022-12-23T00:00:00,F,0,F,0
468,Friday2,2022-12-30T00:00:00,F,F,0,0
